Data.Name	wavelength	value	no
A1	380	121	1
A1	390	59.91	2
A1	400	29.72	3
A1	410	14.12	4
A1	420	7.26	5
A1	430	8.67	6
A1	440	11.57	7
A1	450	16.36	8
A1	460	21.11	9
A1	470	22.5	10
A1	480	21.59	11
A1	490	20.7	12
A1	500	20.09	13
A1	510	19.68	14
A1	520	19.5	15
A1	530	19.68	16
A1	540	19.35	17
A1	550	18.47	18
A1	560	17.72	19
A1	570	17.3	20
A1	580	16.55	21
A1	590	15.7	22
A1	600	16.12	23
A1	610	19.06	24
A1	620	24.42	25
A1	630	30.4	26
A1	640	37.11	27
A1	650	44.3	28
A1	660	49.35	29
A1	670	51.55	30
A1	680	52.49	31
A1	690	53.64	32
A1	700	55.29	33
A1	710	56.87	34
A1	720	57.52	35
A1	730	57.09	36
A1	740	55.6	37
A1	750	54.61	38
A1	760	54.59	39
A1	770	55.84	40
A1	780	57.58	41
A2	380	93	42
A2	390	73	43
A2	400	4.77	44
A2	410	46.49	45
A2	420	6.05	46
A2	430	6.87	47
A2	440	8.21	48
A2	450	9.93	49
A2	460	11.29	50
A2	470	11.83	51
A2	480	11.97	52
A2	490	12.44	53
A2	500	13.19	54
A2	510	14.14	55
A2	520	15.25	56
A2	530	16.7	57
A2	540	18.92	58
A2	550	21.99	59
A2	560	26.21	60
A2	570	30.74	61
A2	580	35.63	62
A2	590	40.67	63
A2	600	45.81	64
A2	610	50.54	65
A2	620	54.12	66
A2	630	56.2	67
A2	640	56.97	68
A2	650	57.03	69
A2	660	56.74	70
A2	670	56.39	71
A2	680	56	72
A2	690	55.67	73
A2	700	55.45	74
A2	710	55.42	75
A2	720	55.36	76
A2	730	55.51	77
A2	740	55.68	78
A2	750	56.13	79
A2	760	56.59	80
A2	770	57.2	81
A2	780	57.67	82
A3	380	118	83
A3	390	66.51	84
A3	400	-24.58	85
A3	410	23.71	86
A3	420	6.58	87
A3	430	7.73	88
A3	440	9.83	89
A3	450	12.9	90
A3	460	15.7	91
A3	470	16.7	92
A3	480	16.83	93
A3	490	17.1	94
A3	500	17.58	95
A3	510	18.57	96
A3	520	20.3	97
A3	530	22.84	98
A3	540	26.87	99
A3	550	32.23	100
A3	560	38.79	101
A3	570	43.8	102
A3	580	45.86	103
A3	590	45.55	104
A3	600	44.07	105
A3	610	42.48	106
A3	620	40.02	107
A3	630	36.47	108
A3	640	32.93	109
A3	650	29.77	110
A3	660	26.93	111
A3	670	24.82	112
A3	680	23.45	113
A3	690	22.7	114
A3	700	22.53	115
A3	710	22.85	116
A3	720	23.64	117
A3	730	25.03	118
A3	740	26.69	119
A3	750	28.72	120
A3	760	30.53	121
A3	770	31.31	122
A3	780	30.72	123
A4	380	183	124
A4	390	63.85	125
A4	400	-20.78	126
A4	410	-16.56	127
A4	420	7.35	128
A4	430	8.82	129
A4	440	12.23	130
A4	450	19.5	131
A4	460	30.05	132
A4	470	37.55	133
A4	480	39.94	134
A4	490	41.77	135
A4	500	43.87	136
A4	510	46.08	137
A4	520	48.52	138
A4	530	50.2	139
A4	540	50.46	140
A4	550	50.54	141
A4	560	49.72	142
A4	570	46.83	143
A4	580	42.97	144
A4	590	40.07	145
A4	600	37.14	146
A4	610	32.47	147
A4	620	27.66	148
A4	630	24.71	149
A4	640	22.93	150
A4	650	21.14	151
A4	660	19.18	152
A4	670	17.61	153
A4	680	16.74	154
A4	690	16.2	155
A4	700	15.89	156
A4	710	15.87	157
A4	720	16.19	158
A4	730	16.52	159
A4	740	16.62	160
A4	750	16.53	161
A4	760	16.09	162
A4	770	15.6	163
A4	780	15.74	164
A5	380	195	165
A5	390	61.63	166
A5	400	-3.69	167
A5	410	-26.21	168
A5	420	7.68	169
A5	430	9.24	170
A5	440	12.96	171
A5	450	21.77	172
A5	460	36.55	173
A5	470	48.94	174
A5	480	52.25	175
A5	490	52.97	176
A5	500	53.44	177
A5	510	53.21	178
A5	520	52.16	179
A5	530	50.52	180
A5	540	48.07	181
A5	550	45.69	182
A5	560	42.75	183
A5	570	38.87	184
A5	580	34.56	185
A5	590	31.67	186
A5	600	30.23	187
A5	610	28.15	188
A5	620	24.92	189
A5	630	22.23	190
A5	640	21.41	191
A5	650	21.89	192
A5	660	22.35	193
A5	670	22.31	194
A5	680	21.96	195
A5	690	21.74	196
A5	700	22.16	197
A5	710	23.24	198
A5	720	24.43	199
A5	730	24.98	200
A5	740	24.37	201
A5	750	23.48	202
A5	760	22.23	203
A5	770	21.4	204
A5	780	21.92	205
A6	380	157	206
A6	390	59.21	207
A6	400	27.49	208
A6	410	-7.59	209
A6	420	7.62	210
A6	430	9.19	211
A6	440	12.77	212
A6	450	20.44	213
A6	460	31.35	214
A6	470	37.98	215
A6	480	38.2	216
A6	490	36.78	217
A6	500	34.9	218
A6	510	32.88	219
A6	520	31.11	220
A6	530	29.11	221
A6	540	26.85	222
A6	550	25.42	223
A6	560	24.13	224
A6	570	22.25	225
A6	580	20.42	226
A6	590	19.78	227
A6	600	19.84	228
A6	610	19.08	229
A6	620	18.32	230
A6	630	20.02	231
A6	640	26.77	232
A6	650	36.88	233
A6	660	44.65	234
A6	670	48.16	235
A6	680	49.27	236
A6	690	49.64	237
A6	700	49.69	238
A6	710	49.71	239
A6	720	49.54	240
A6	730	49.34	241
A6	740	49.15	242
A6	750	49.12	243
A6	760	48.92	244
A6	770	48.83	245
A6	780	48.67	246
B1	380	199	247
B1	390	81.65	248
B1	400	2.65	249
B1	410	1.89	250
B1	420	8.16	251
B1	430	9.77	252
B1	440	13.54	253
B1	450	22.61	254
B1	460	38.39	255
B1	470	52.33	256
B1	480	56.24	257
B1	490	56.93	258
B1	500	57.85	259
B1	510	58.47	260
B1	520	58.53	261
B1	530	58.35	262
B1	540	58.07	263
B1	550	58.02	264
B1	560	58.16	265
B1	570	58.37	266
B1	580	58.36	267
B1	590	58	268
B1	600	57.9	269
B1	610	58.21	270
B1	620	58.71	271
B1	630	59.58	272
B1	640	60.91	273
B1	650	62.22	274
B1	660	62.97	275
B1	670	63.22	276
B1	680	63.41	277
B1	690	63.85	278
B1	700	64.35	279
B1	710	65.06	280
B1	720	65.62	281
B1	730	66.11	282
B1	740	66.13	283
B1	750	66.2	284
B1	760	66.08	285
B1	770	65.5	286
B1	780	64.43	287
B2	380	197	288
B2	390	81.67	289
B2	400	-3.56	290
B2	410	3.16	291
B2	420	7.46	292
B2	430	9.04	293
B2	440	12.85	294
B2	450	21.95	295
B2	460	37.35	296
B2	470	50.36	297
B2	480	53.89	298
B2	490	54.61	299
B2	500	55.46	300
B2	510	56.45	301
B2	520	57.36	302
B2	530	58.12	303
B2	540	58.72	304
B2	550	59.57	305
B2	560	60.45	306
B2	570	60.88	307
B2	580	60.88	308
B2	590	60.68	309
B2	600	60.9	310
B2	610	61.17	311
B2	620	60.81	312
B2	630	60.25	313
B2	640	59.86	314
B2	650	59.37	315
B2	660	58.38	316
B2	670	57.22	317
B2	680	56.4	318
B2	690	55.87	319
B2	700	55.51	320
B2	710	55.72	321
B2	720	56.04	322
B2	730	56.21	323
B2	740	55.9	324
B2	750	55.44	325
B2	760	54.48	326
B2	770	53.78	327
B2	780	54.18	328
B3	380	208	329
B3	390	81.91	330
B3	400	0.53	331
B3	410	-2.27	332
B3	420	7.98	333
B3	430	9.64	334
B3	440	13.55	335
B3	450	23.17	336
B3	460	40.59	337
B3	470	57.18	338
B3	480	62.36	339
B3	490	62.87	340
B3	500	63.12	341
B3	510	63.29	342
B3	520	63.17	343
B3	530	62.9	344
B3	540	62.42	345
B3	550	62.24	346
B3	560	61.98	347
B3	570	61.6	348
B3	580	61.07	349
B3	590	60.32	350
B3	600	59.58	351
B3	610	58.82	352
B3	620	58.27	353
B3	630	58.35	354
B3	640	58.89	355
B3	650	59.4	356
B3	660	59.68	357
B3	670	59.94	358
B3	680	60.27	359
B3	690	61.03	360
B3	700	62.1	361
B3	710	63.56	362
B3	720	64.91	363
B3	730	66.14	364
B3	740	67.36	365
B3	750	68.87	366
B3	760	70.64	367
B3	770	72.86	368
B3	780	75.2	369
B4	380	65	370
B4	390	28.63	371
B4	400	3.94	372
B4	410	1.55	373
B4	420	5.12	374
B4	430	5.25	375
B4	440	5.54	376
B4	450	5.93	377
B4	460	6.21	378
B4	470	6.04	379
B4	480	5.66	380
B4	490	5.42	381
B4	500	5.26	382
B4	510	5.21	383
B4	520	5.25	384
B4	530	5.33	385
B4	540	5.36	386
B4	550	5.41	387
B4	560	5.48	388
B4	570	5.5	389
B4	580	5.49	390
B4	590	5.45	391
B4	600	5.42	392
B4	610	5.32	393
B4	620	5.18	394
B4	630	5.14	395
B4	640	5.36	396
B4	650	5.94	397
B4	660	6.74	398
B4	670	7.16	399
B4	680	7.16	400
B4	690	7.14	401
B4	700	7.32	402
B4	710	7.7	403
B4	720	8.18	404
B4	730	8.46	405
B4	740	8.42	406
B4	750	8.23	407
B4	760	7.94	408
B4	770	7.76	409
B4	780	8	410
B5	380	65	411
B5	390	29.14	412
B5	400	-3.89	413
B5	410	2.18	414
B5	420	4.6	415
B5	430	4.76	416
B5	440	5.02	417
B5	450	5.25	418
B5	460	5.36	419
B5	470	5.31	420
B5	480	5.21	421
B5	490	5.21	422
B5	500	5.25	423
B5	510	5.32	424
B5	520	5.46	425
B5	530	5.6	426
B5	540	5.65	427
B5	550	5.69	428
B5	560	5.88	429
B5	570	6.19	430
B5	580	6.44	431
B5	590	6.48	432
B5	600	6.39	433
B5	610	6.24	434
B5	620	6.07	435
B5	630	5.91	436
B5	640	5.72	437
B5	650	5.53	438
B5	660	5.33	439
B5	670	5.19	440
B5	680	5.11	441
B5	690	5.07	442
B5	700	5.05	443
B5	710	5.06	444
B5	720	5.1	445
B5	730	5.14	446
B5	740	5.2	447
B5	750	5.25	448
B5	760	5.29	449
B5	770	5.29	450
B5	780	5.27	451
B6	380	75	452
B6	390	29.12	453
B6	400	1.47	454
B6	410	-4.34	455
B6	420	5.04	456
B6	430	5.41	457
B6	440	5.99	458
B6	450	6.67	459
B6	460	7.2	460
B6	470	7.29	461
B6	480	7.15	462
B6	490	7.08	463
B6	500	7.05	464
B6	510	7.01	465
B6	520	6.93	466
B6	530	6.8	467
B6	540	6.62	468
B6	550	6.5	469
B6	560	6.34	470
B6	570	6.09	471
B6	580	5.82	472
B6	590	5.67	473
B6	600	5.64	474
B6	610	5.61	475
B6	620	5.59	476
B6	630	5.65	477
B6	640	5.73	478
B6	650	5.82	479
B6	660	5.86	480
B6	670	5.85	481
B6	680	5.86	482
B6	690	5.93	483
B6	700	6.02	484
B6	710	6.1	485
B6	720	6.11	486
B6	730	6.04	487
B6	740	5.96	488
B6	750	5.94	489
B6	760	6.02	490
B6	770	6.18	491
B6	780	6.37	492
C1	380	184	493
C1	390	83.38	494
C1	400	6.57	495
C1	410	12.81	496
C1	420	7.49	497
C1	430	9.08	498
C1	440	12.85	499
C1	450	21.52	500
C1	460	35.42	501
C1	470	46.19	502
C1	480	48.27	503
C1	490	48.25	504
C1	500	48.4	505
C1	510	48.96	506
C1	520	49.85	507
C1	530	51.12	508
C1	540	52.85	509
C1	550	54.76	510
C1	560	56.52	511
C1	570	57.86	512
C1	580	59.1	513
C1	590	60.08	514
C1	600	60.62	515
C1	610	60.44	516
C1	620	59.59	517
C1	630	60.15	518
C1	640	65.55	519
C1	650	72.2	520
C1	660	75.22	521
C1	670	76.24	522
C1	680	76.99	523
C1	690	77.81	524
C1	700	78.7	525
C1	710	79.88	526
C1	720	80.9	527
C1	730	81.82	528
C1	740	82.64	529
C1	750	83.59	530
C1	760	84.36	531
C1	770	85.16	532
C1	780	85.95	533
C2	380	135	534
C2	390	73.05	535
C2	400	6.85	536
C2	410	24.52	537
C2	420	7.25	538
C2	430	8.75	539
C2	440	11.83	540
C2	450	17.25	541
C2	460	23.02	542
C2	470	25.24	543
C2	480	24.96	544
C2	490	24.82	545
C2	500	24.94	546
C2	510	25.54	547
C2	520	26.53	548
C2	530	27.98	549
C2	540	30.23	550
C2	550	32.98	551
C2	560	35.96	552
C2	570	38.64	553
C2	580	41.28	554
C2	590	43.55	555
C2	600	45.15	556
C2	610	45.62	557
C2	620	45	558
C2	630	44.45	559
C2	640	45.72	560
C2	650	50.44	561
C2	660	56.86	562
C2	670	61.19	563
C2	680	62.63	564
C2	690	62.97	565
C2	700	63.03	566
C2	710	63.15	567
C2	720	63.04	568
C2	730	62.98	569
C2	740	62.85	570
C2	750	62.95	571
C2	760	62.88	572
C2	770	62.92	573
C2	780	62.86	574
C3	380	94	575
C3	390	63.11	576
C3	400	11.08	577
C3	410	33	578
C3	420	6.03	579
C3	430	6.78	580
C3	440	7.99	581
C3	450	9.54	582
C3	460	10.78	583
C3	470	11.24	584
C3	480	11.36	585
C3	490	11.84	586
C3	500	12.61	587
C3	510	13.4	588
C3	520	14.05	589
C3	530	14.75	590
C3	540	15.9	591
C3	550	17.64	592
C3	560	20.05	593
C3	570	22.66	594
C3	580	25.58	595
C3	590	28.55	596
C3	600	31.01	597
C3	610	32.17	598
C3	620	32.14	599
C3	630	32.6	600
C3	640	35.7	601
C3	650	40.55	602
C3	660	44.16	603
C3	670	46.23	604
C3	680	47.39	605
C3	690	48.17	606
C3	700	49.07	607
C3	710	50.41	608
C3	720	51.9	609
C3	730	53.52	610
C3	740	55.12	611
C3	750	56.86	612
C3	760	58.8	613
C3	770	60.91	614
C3	780	63.44	615
C4	380	68	616
C4	390	44.22	617
C4	400	14.68	618
C4	410	22.34	619
C4	420	5.09	620
C4	430	5.16	621
C4	440	5.31	622
C4	450	5.43	623
C4	460	5.54	624
C4	470	5.64	625
C4	480	5.75	626
C4	490	6.05	627
C4	500	6.43	628
C4	510	6.71	629
C4	520	6.91	630
C4	530	7.18	631
C4	540	7.43	632
C4	550	7.74	633
C4	560	8.43	634
C4	570	9.56	635
C4	580	10.72	636
C4	590	11.39	637
C4	600	11.97	638
C4	610	12.65	639
C4	620	12.88	640
C4	630	13.37	641
C4	640	15.51	642
C4	650	19.12	643
C4	660	22.36	644
C4	670	23.8	645
C4	680	23.74	646
C4	690	23.84	647
C4	700	24.98	648
C4	710	26.77	649
C4	720	28.47	650
C4	730	29.82	651
C4	740	30.92	652
C4	750	31.96	653
C4	760	33.04	654
C4	770	34.13	655
C4	780	35.21	656
C5	380	57	657
C5	390	29.17	658
C5	400	4.73	659
C5	410	7.63	660
C5	420	4.46	661
C5	430	4.35	662
C5	440	4.29	663
C5	450	4.21	664
C5	460	4.16	665
C5	470	4.11	666
C5	480	4.08	667
C5	490	4.13	668
C5	500	4.2	669
C5	510	4.29	670
C5	520	4.42	671
C5	530	4.51	672
C5	540	4.54	673
C5	550	4.63	674
C5	560	4.77	675
C5	570	4.88	676
C5	580	5.01	677
C5	590	5.16	678
C5	600	5.29	679
C5	610	5.63	680
C5	620	6.18	681
C5	630	6.48	682
C5	640	6.6	683
C5	650	6.98	684
C5	660	7.49	685
C5	670	7.71	686
C5	680	7.64	687
C5	690	7.49	688
C5	700	7.36	689
C5	710	7.29	690
C5	720	7.21	691
C5	730	7.16	692
C5	740	7.13	693
C5	750	7.13	694
C5	760	7.13	695
C5	770	7.16	696
C5	780	7.17	697
C6	380	63	698
C6	390	26.49	699
C6	400	0.47	700
C6	410	-0.4	701
C6	420	5.4	702
C6	430	5.48	703
C6	440	5.56	704
C6	450	5.53	705
C6	460	5.41	706
C6	470	5.22	707
C6	480	5.05	708
C6	490	4.99	709
C6	500	4.96	710
C6	510	4.97	711
C6	520	5.02	712
C6	530	5.02	713
C6	540	4.93	714
C6	550	4.91	715
C6	560	4.99	716
C6	570	5.01	717
C6	580	4.92	718
C6	590	4.83	719
C6	600	4.83	720
C6	610	4.84	721
C6	620	4.82	722
C6	630	4.85	723
C6	640	4.94	724
C6	650	5	725
C6	660	5.01	726
C6	670	5	727
C6	680	5	728
C6	690	4.99	729
C6	700	4.98	730
C6	710	5.01	731
C6	720	5.01	732
C6	730	4.98	733
C6	740	4.95	734
C6	750	4.94	735
C6	760	4.94	736
C6	770	4.96	737
C6	780	5.05	738
D1	380	227	739
D1	390	91.91	740
D1	400	0.01	741
D1	410	2.33	742
D1	420	7.92	743
D1	430	9.65	744
D1	440	13.72	745
D1	450	23.88	746
D1	460	43.71	747
D1	470	66.01	748
D1	480	75.75	749
D1	490	77.34	750
D1	500	77.86	751
D1	510	78.22	752
D1	520	78.39	753
D1	530	78.52	754
D1	540	78.62	755
D1	550	79.02	756
D1	560	79.49	757
D1	570	79.91	758
D1	580	80.16	759
D1	590	80.18	760
D1	600	80.39	761
D1	610	80.69	762
D1	620	80.75	763
D1	630	80.75	764
D1	640	80.91	765
D1	650	81.25	766
D1	660	81.52	767
D1	670	81.65	768
D1	680	81.71	769
D1	690	81.93	770
D1	700	82.32	771
D1	710	82.82	772
D1	720	83.08	773
D1	730	83.21	774
D1	740	83.18	775
D1	750	83.33	776
D1	760	83.45	777
D1	770	83.76	778
D1	780	84.05	779
D2	380	217	780
D2	390	88.15	781
D2	400	-0.4	782
D2	410	1.95	783
D2	420	7.86	784
D2	430	9.53	785
D2	440	13.44	786
D2	450	23.35	787
D2	460	42.69	788
D2	470	63.38	789
D2	480	70.68	790
D2	490	70.51	791
D2	500	70.05	792
D2	510	69.79	793
D2	520	70.01	794
D2	530	70.9	795
D2	540	71.21	796
D2	550	71.13	797
D2	560	71.56	798
D2	570	72.41	799
D2	580	72.95	800
D2	590	73.05	801
D2	600	72.98	802
D2	610	72.07	803
D2	620	71.08	804
D2	630	71.71	805
D2	640	73.37	806
D2	650	74.14	807
D2	660	73.57	808
D2	670	72.73	809
D2	680	72.3	810
D2	690	72.12	811
D2	700	72.2	812
D2	710	72.94	813
D2	720	73.88	814
D2	730	74.21	815
D2	740	73.73	816
D2	750	72.95	817
D2	760	71.48	818
D2	770	70.53	819
D2	780	71.19	820
D3	380	178	821
D3	390	73.17	822
D3	400	-0.26	823
D3	410	1.16	824
D3	420	7.36	825
D3	430	9.02	826
D3	440	12.88	827
D3	450	21.19	828
D3	460	33.31	829
D3	470	41.64	830
D3	480	43.3	831
D3	490	43.81	832
D3	500	44.4	833
D3	510	44.85	834
D3	520	44.93	835
D3	530	44.89	836
D3	540	44.75	837
D3	550	44.83	838
D3	560	44.95	839
D3	570	45.12	840
D3	580	45.31	841
D3	590	45.4	842
D3	600	45.44	843
D3	610	45.43	844
D3	620	45.55	845
D3	630	45.89	846
D3	640	46.06	847
D3	650	45.94	848
D3	660	45.75	849
D3	670	45.56	850
D3	680	45.35	851
D3	690	45.2	852
D3	700	45.01	853
D3	710	44.96	854
D3	720	44.73	855
D3	730	44.57	856
D3	740	44.37	857
D3	750	44.22	858
D3	760	44.01	859
D3	770	43.93	860
D3	780	43.68	861
D4	380	138	862
D4	390	57.8	863
D4	400	-0.05	864
D4	410	0.37	865
D4	420	7.2	866
D4	430	8.64	867
D4	440	11.65	868
D4	450	17.07	869
D4	460	23.13	870
D4	470	25.85	871
D4	480	25.75	872
D4	490	25.51	873
D4	500	25.46	874
D4	510	25.47	875
D4	520	25.46	876
D4	530	25.6	877
D4	540	25.59	878
D4	550	25.52	879
D4	560	25.59	880
D4	570	25.8	881
D4	580	25.88	882
D4	590	25.76	883
D4	600	25.72	884
D4	610	25.67	885
D4	620	25.53	886
D4	630	25.66	887
D4	640	25.99	888
D4	650	26.22	889
D4	660	26.24	890
D4	670	25.96	891
D4	680	25.56	892
D4	690	25.32	893
D4	700	25.27	894
D4	710	25.27	895
D4	720	25.22	896
D4	730	25.18	897
D4	740	25.12	898
D4	750	25.1	899
D4	760	25.02	900
D4	770	24.95	901
D4	780	24.76	902
D5	380	102	903
D5	390	43.51	904
D5	400	0.08	905
D5	410	0.46	906
D5	420	6.21	907
D5	430	7.19	908
D5	440	8.82	909
D5	450	11	910
D5	460	12.9	911
D5	470	13.46	912
D5	480	13.33	913
D5	490	13.31	914
D5	500	13.34	915
D5	510	13.36	916
D5	520	13.33	917
D5	530	13.28	918
D5	540	13.22	919
D5	550	13.22	920
D5	560	13.25	921
D5	570	13.34	922
D5	580	13.5	923
D5	590	13.56	924
D5	600	13.58	925
D5	610	13.55	926
D5	620	13.46	927
D5	630	13.45	928
D5	640	13.62	929
D5	650	13.82	930
D5	660	13.82	931
D5	670	13.68	932
D5	680	13.49	933
D5	690	13.33	934
D5	700	13.21	935
D5	710	13.14	936
D5	720	13.07	937
D5	730	13.02	938
D5	740	12.96	939
D5	750	12.94	940
D5	760	12.9	941
D5	770	12.83	942
D5	780	12.71	943
D6	380	68	944
D6	390	29.37	945
D6	400	0.03	946
D6	410	0.46	947
D6	420	4.99	948
D6	430	5.17	949
D6	440	5.44	950
D6	450	5.66	951
D6	460	5.78	952
D6	470	5.77	953
D6	480	5.73	954
D6	490	5.81	955
D6	500	5.91	956
D6	510	5.95	957
D6	520	5.92	958
D6	530	5.87	959
D6	540	5.82	960
D6	550	5.88	961
D6	560	5.96	962
D6	570	5.93	963
D6	580	5.91	964
D6	590	6	965
D6	600	6.11	966
D6	610	6.1	967
D6	620	5.94	968
D6	630	5.82	969
D6	640	5.93	970
D6	650	6.12	971
D6	660	6.17	972
D6	670	6.1	973
D6	680	6.01	974
D6	690	5.95	975
D6	700	5.91	976
D6	710	5.94	977
D6	720	5.95	978
D6	730	5.91	979
D6	740	5.84	980
D6	750	5.79	981
D6	760	5.76	982
D6	770	5.86	983
D6	780	6.08	984
E1	380	237	985
E1	390	95.23	986
E1	400	-0.48	987
E1	410	2.14	988
E1	420	7.5	989
E1	430	9.07	990
E1	440	12.95	991
E1	450	22.97	992
E1	460	43.57	993
E1	470	69.2	994
E1	480	82.68	995
E1	490	85	996
E1	500	85.37	997
E1	510	85.81	998
E1	520	86.34	999
E1	530	87.09	1000
E1	540	87.62	1001
E1	550	88.15	1002
E1	560	88.38	1003
E1	570	88.18	1004
E1	580	87.92	1005
E1	590	87.86	1006
E1	600	88.12	1007
E1	610	87.95	1008
E1	620	87.6	1009
E1	630	88.02	1010
E1	640	88.72	1011
E1	650	88.98	1012
E1	660	89.02	1013
E1	670	88.99	1014
E1	680	88.91	1015
E1	690	89.02	1016
E1	700	89.21	1017
E1	710	89.47	1018
E1	720	89.51	1019
E1	730	89.66	1020
E1	740	89.74	1021
E1	750	90.1	1022
E1	760	90.18	1023
E1	770	90.44	1024
E1	780	90.59	1025
E2	380	197	1026
E2	390	80.24	1027
E2	400	-0.16	1028
E2	410	1.21	1029
E2	420	7.67	1030
E2	430	9.36	1031
E2	440	13.31	1032
E2	450	22.64	1033
E2	460	38.54	1034
E2	470	51.9	1035
E2	480	55.2	1036
E2	490	55.57	1037
E2	500	55.84	1038
E2	510	56.13	1039
E2	520	56.35	1040
E2	530	56.43	1041
E2	540	56.41	1042
E2	550	56.63	1043
E2	560	56.84	1044
E2	570	56.9	1045
E2	580	56.83	1046
E2	590	56.76	1047
E2	600	56.95	1048
E2	610	57.1	1049
E2	620	57.09	1050
E2	630	57.24	1051
E2	640	57.81	1052
E2	650	58.34	1053
E2	660	58.12	1054
E2	670	57.49	1055
E2	680	56.81	1056
E2	690	56.3	1057
E2	700	56.09	1058
E2	710	56.26	1059
E2	720	56.81	1060
E2	730	57.7	1061
E2	740	58.75	1062
E2	750	59.94	1063
E2	760	60.6	1064
E2	770	60.87	1065
E2	780	61.02	1066
E3	380	158	1067
E3	390	65.8	1068
E3	400	-0.22	1069
E3	410	0.9	1070
E3	420	7.35	1071
E3	430	8.94	1072
E3	440	12.39	1073
E3	450	19.14	1074
E3	460	27.91	1075
E3	470	32.92	1076
E3	480	33.64	1077
E3	490	33.97	1078
E3	500	34.46	1079
E3	510	34.75	1080
E3	520	34.79	1081
E3	530	34.61	1082
E3	540	34.43	1083
E3	550	34.5	1084
E3	560	34.57	1085
E3	570	34.73	1086
E3	580	34.94	1087
E3	590	35.02	1088
E3	600	35.12	1089
E3	610	35.18	1090
E3	620	35.26	1091
E3	630	35.5	1092
E3	640	35.61	1093
E3	650	35.51	1094
E3	660	35.34	1095
E3	670	35.11	1096
E3	680	34.9	1097
E3	690	34.66	1098
E3	700	34.43	1099
E3	710	34.25	1100
E3	720	33.98	1101
E3	730	33.79	1102
E3	740	33.5	1103
E3	750	33.38	1104
E3	760	33.17	1105
E3	770	33.02	1106
E3	780	32.81	1107
E4	380	121	1108
E4	390	51.1	1109
E4	400	-0.15	1110
E4	410	0.6	1111
E4	420	6.72	1112
E4	430	8.03	1113
E4	440	10.43	1114
E4	450	14.13	1115
E4	460	17.78	1116
E4	470	19.12	1117
E4	480	19	1118
E4	490	18.98	1119
E4	500	19.06	1120
E4	510	19.12	1121
E4	520	19.11	1122
E4	530	19.09	1123
E4	540	18.98	1124
E4	550	18.96	1125
E4	560	19.02	1126
E4	570	19.17	1127
E4	580	19.37	1128
E4	590	19.42	1129
E4	600	19.4	1130
E4	610	19.36	1131
E4	620	19.43	1132
E4	630	19.64	1133
E4	640	19.74	1134
E4	650	19.67	1135
E4	660	19.52	1136
E4	670	19.35	1137
E4	680	19.19	1138
E4	690	19.04	1139
E4	700	18.86	1140
E4	710	18.73	1141
E4	720	18.57	1142
E4	730	18.4	1143
E4	740	18.24	1144
E4	750	18.14	1145
E4	760	18.01	1146
E4	770	17.87	1147
E4	780	17.71	1148
E5	380	84	1149
E5	390	36.12	1150
E5	400	0.13	1151
E5	410	0.67	1152
E5	420	5.65	1153
E5	430	6.33	1154
E5	440	7.32	1155
E5	450	8.45	1156
E5	460	9.27	1157
E5	470	9.37	1158
E5	480	9.14	1159
E5	490	9	1160
E5	500	8.88	1161
E5	510	8.81	1162
E5	520	8.77	1163
E5	530	8.78	1164
E5	540	8.76	1165
E5	550	8.77	1166
E5	560	8.78	1167
E5	570	8.81	1168
E5	580	8.93	1169
E5	590	9.07	1170
E5	600	9.21	1171
E5	610	9.28	1172
E5	620	9.23	1173
E5	630	9.16	1174
E5	640	9.13	1175
E5	650	9.18	1176
E5	660	9.22	1177
E5	670	9.18	1178
E5	680	9.1	1179
E5	690	9.02	1180
E5	700	8.93	1181
E5	710	8.87	1182
E5	720	8.8	1183
E5	730	8.75	1184
E5	740	8.7	1185
E5	750	8.68	1186
E5	760	8.65	1187
E5	770	8.6	1188
E5	780	8.54	1189
E6	380	58	1190
E6	390	24.05	1191
E6	400	0.02	1192
E6	410	-0.22	1193
E6	420	4.39	1194
E6	430	4.34	1195
E6	440	4.34	1196
E6	450	4.29	1197
E6	460	4.26	1198
E6	470	4.21	1199
E6	480	4.13	1200
E6	490	4.13	1201
E6	500	4.12	1202
E6	510	4.15	1203
E6	520	4.18	1204
E6	530	4.2	1205
E6	540	4.18	1206
E6	550	4.17	1207
E6	560	4.15	1208
E6	570	4.13	1209
E6	580	4.11	1210
E6	590	4.09	1211
E6	600	4.08	1212
E6	610	4.08	1213
E6	620	4.08	1214
E6	630	4.11	1215
E6	640	4.15	1216
E6	650	4.18	1217
E6	660	4.15	1218
E6	670	4.09	1219
E6	680	4.05	1220
E6	690	4.04	1221
E6	700	4.05	1222
E6	710	4.09	1223
E6	720	4.13	1224
E6	730	4.17	1225
E6	740	4.22	1226
E6	750	4.27	1227
E6	760	4.29	1228
E6	770	4.3	1229
E6	780	4.3	1230
F1	380	160	1231
F1	390	52.63	1232
F1	400	-30.69	1233
F1	410	-20.7	1234
F1	420	6.4	1235
F1	430	7.32	1236
F1	440	9.43	1237
F1	450	13.42	1238
F1	460	18.45	1239
F1	470	21.93	1240
F1	480	23.54	1241
F1	490	25.63	1242
F1	500	28.82	1243
F1	510	32.52	1244
F1	520	37.19	1245
F1	530	41.93	1246
F1	540	44.88	1247
F1	550	45.18	1248
F1	560	42.63	1249
F1	570	38.17	1250
F1	580	32.53	1251
F1	590	26.86	1252
F1	600	21.75	1253
F1	610	17.08	1254
F1	620	13.29	1255
F1	630	10.88	1256
F1	640	9.5	1257
F1	650	8.61	1258
F1	660	7.95	1259
F1	670	7.54	1260
F1	680	7.37	1261
F1	690	7.31	1262
F1	700	7.29	1263
F1	710	7.36	1264
F1	720	7.48	1265
F1	730	7.55	1266
F1	740	7.54	1267
F1	750	7.49	1268
F1	760	7.4	1269
F1	770	7.41	1270
F1	780	7.66	1271
F2	380	148	1272
F2	390	50.58	1273
F2	400	41.33	1274
F2	410	-15.92	1275
F2	420	7.79	1276
F2	430	9.31	1277
F2	440	12.58	1278
F2	450	19.44	1279
F2	460	29.26	1280
F2	470	35.06	1281
F2	480	35.16	1282
F2	490	33.75	1283
F2	500	31.42	1284
F2	510	28.91	1285
F2	520	26.23	1286
F2	530	23.69	1287
F2	540	20.87	1288
F2	550	18.48	1289
F2	560	16.44	1290
F2	570	14.58	1291
F2	580	12.52	1292
F2	590	10.85	1293
F2	600	10.35	1294
F2	610	10.43	1295
F2	620	10.28	1296
F2	630	10.38	1297
F2	640	12.47	1298
F2	650	17.73	1299
F2	660	26.3	1300
F2	670	38.13	1301
F2	680	50.25	1302
F2	690	59.51	1303
F2	700	66.43	1304
F2	710	71.78	1305
F2	720	75.4	1306
F2	730	77.65	1307
F2	740	78.96	1308
F2	750	80.24	1309
F2	760	81.46	1310
F2	770	82.62	1311
F2	780	83.43	1312
F3	380	8	1313
F3	390	79.84	1314
F3	400	5	1315
F3	410	80.83	1316
F3	420	4.8	1317
F3	430	4.85	1318
F3	440	5.01	1319
F3	450	5.15	1320
F3	460	5.09	1321
F3	470	5.11	1322
F3	480	5.1	1323
F3	490	5.19	1324
F3	500	5.31	1325
F3	510	5.71	1326
F3	520	6.43	1327
F3	530	7.92	1328
F3	540	10.67	1329
F3	550	14.46	1330
F3	560	20.9	1331
F3	570	30.47	1332
F3	580	42.83	1333
F3	590	54.42	1334
F3	600	63.02	1335
F3	610	68.66	1336
F3	620	71.64	1337
F3	630	72.73	1338
F3	640	72.92	1339
F3	650	72.79	1340
F3	660	72.35	1341
F3	670	71.82	1342
F3	680	71.69	1343
F3	690	72.3	1344
F3	700	73.18	1345
F3	710	74.08	1346
F3	720	74.69	1347
F3	730	74.44	1348
F3	740	73.36	1349
F3	750	73.87	1350
F3	760	75.81	1351
F3	770	77.71	1352
F3	780	79.14	1353
F4	380	59	1354
F4	390	40.06	1355
F4	400	47.75	1356
F4	410	23.32	1357
F4	420	5.23	1358
F4	430	5.51	1359
F4	440	5.68	1360
F4	450	5.75	1361
F4	460	5.63	1362
F4	470	5.46	1363
F4	480	5.2	1364
F4	490	5.07	1365
F4	500	4.95	1366
F4	510	4.93	1367
F4	520	4.87	1368
F4	530	4.81	1369
F4	540	4.76	1370
F4	550	4.73	1371
F4	560	4.64	1372
F4	570	4.58	1373
F4	580	4.68	1374
F4	590	4.74	1375
F4	600	4.74	1376
F4	610	4.83	1377
F4	620	5.11	1378
F4	630	5.47	1379
F4	640	6.46	1380
F4	650	9.67	1381
F4	660	17.63	1382
F4	670	32.22	1383
F4	680	49.32	1384
F4	690	60.99	1385
F4	700	65.8	1386
F4	710	67.08	1387
F4	720	67.48	1388
F4	730	68.18	1389
F4	740	69.36	1390
F4	750	71.2	1391
F4	760	73.25	1392
F4	770	74.93	1393
F4	780	75.47	1394
F5	380	70	1395
F5	390	53.94	1396
F5	400	-33.28	1397
F5	410	32.57	1398
F5	420	5.08	1399
F5	430	5.38	1400
F5	440	5.82	1401
F5	450	6.23	1402
F5	460	6.51	1403
F5	470	6.57	1404
F5	480	6.56	1405
F5	490	6.65	1406
F5	500	6.83	1407
F5	510	7.18	1408
F5	520	7.81	1409
F5	530	8.99	1410
F5	540	11.19	1411
F5	550	14.65	1412
F5	560	20.05	1413
F5	570	25.61	1414
F5	580	29.55	1415
F5	590	31.75	1416
F5	600	32.71	1417
F5	610	31.74	1418
F5	620	28.27	1419
F5	630	23.75	1420
F5	640	19.32	1421
F5	650	15.27	1422
F5	660	11.87	1423
F5	670	9.56	1424
F5	680	8.35	1425
F5	690	7.76	1426
F5	700	7.4	1427
F5	710	7.13	1428
F5	720	6.98	1429
F5	730	6.96	1430
F5	740	7.09	1431
F5	750	7.31	1432
F5	760	7.6	1433
F5	770	7.8	1434
F5	780	7.76	1435
F6	380	143	1436
F6	390	32.08	1437
F6	400	10.7	1438
F6	410	-42.55	1439
F6	420	5.32	1440
F6	430	5.49	1441
F6	440	6.04	1442
F6	450	7.33	1443
F6	460	9.56	1444
F6	470	12.77	1445
F6	480	15.76	1446
F6	490	19.75	1447
F6	500	26.07	1448
F6	510	30.32	1449
F6	520	30.4	1450
F6	530	27.67	1451
F6	540	22.74	1452
F6	550	17.78	1453
F6	560	12.75	1454
F6	570	8.64	1455
F6	580	6.01	1456
F6	590	4.75	1457
F6	600	4.36	1458
F6	610	4.22	1459
F6	620	4.18	1460
F6	630	4.18	1461
F6	640	4.19	1462
F6	650	4.2	1463
F6	660	4.24	1464
F6	670	4.27	1465
F6	680	4.31	1466
F6	690	4.36	1467
F6	700	4.45	1468
F6	710	4.56	1469
F6	720	4.63	1470
F6	730	4.65	1471
F6	740	4.63	1472
F6	750	4.62	1473
F6	760	4.62	1474
F6	770	4.66	1475
F6	780	4.82	1476
G1	380	41	1477
G1	390	58.58	1478
G1	400	35.47	1479
G1	410	54.91	1480
G1	420	4.35	1481
G1	430	4.46	1482
G1	440	4.6	1483
G1	450	4.68	1484
G1	460	4.6	1485
G1	470	4.59	1486
G1	480	4.58	1487
G1	490	4.63	1488
G1	500	4.7	1489
G1	510	4.97	1490
G1	520	5.19	1491
G1	530	5.18	1492
G1	540	5.18	1493
G1	550	5.41	1494
G1	560	5.65	1495
G1	570	5.84	1496
G1	580	6.78	1497
G1	590	9.71	1498
G1	600	15.33	1499
G1	610	22.2	1500
G1	620	29.29	1501
G1	630	36.44	1502
G1	640	43.2	1503
G1	650	48.72	1504
G1	660	52.32	1505
G1	670	54.49	1506
G1	680	55.98	1507
G1	690	57.58	1508
G1	700	59.53	1509
G1	710	61.6	1510
G1	720	63.22	1511
G1	730	64.13	1512
G1	740	64.5	1513
G1	750	65.34	1514
G1	760	66.81	1515
G1	770	68.92	1516
G1	780	71.19	1517
G2	380	164	1518
G2	390	42.4	1519
G2	400	7.11	1520
G2	410	-38.81	1521
G2	420	6.75	1522
G2	430	7.85	1523
G2	440	10.44	1524
G2	450	15.84	1525
G2	460	23.6	1526
G2	470	29.58	1527
G2	480	31.92	1528
G2	490	34.04	1529
G2	500	36.67	1530
G2	510	37.94	1531
G2	520	36.73	1532
G2	530	33.86	1533
G2	540	29.29	1534
G2	550	24.44	1535
G2	560	19.83	1536
G2	570	16.23	1537
G2	580	13.36	1538
G2	590	11.45	1539
G2	600	10.53	1540
G2	610	9.78	1541
G2	620	9.02	1542
G2	630	8.56	1543
G2	640	8.49	1544
G2	650	8.56	1545
G2	660	8.54	1546
G2	670	8.4	1547
G2	680	8.26	1548
G2	690	8.34	1549
G2	700	8.67	1550
G2	710	9.13	1551
G2	720	9.54	1552
G2	730	9.74	1553
G2	740	9.66	1554
G2	750	9.53	1555
G2	760	9.48	1556
G2	770	9.42	1557
G2	780	9.36	1558
G3	380	100	1559
G3	390	50.1	1560
G3	400	41.85	1561
G3	410	12.44	1562
G3	420	6.43	1563
G3	430	7.79	1564
G3	440	9.98	1565
G3	450	12.92	1566
G3	460	15.19	1567
G3	470	15.4	1568
G3	480	14.67	1569
G3	490	14.17	1570
G3	500	13.66	1571
G3	510	13.23	1572
G3	520	12.7	1573
G3	530	12.18	1574
G3	540	11.64	1575
G3	550	11.28	1576
G3	560	10.84	1577
G3	570	10.33	1578
G3	580	10.09	1579
G3	590	10	1580
G3	600	9.87	1581
G3	610	9.7	1582
G3	620	9.68	1583
G3	630	10.28	1584
G3	640	14.33	1585
G3	650	25.15	1586
G3	660	39.82	1587
G3	670	51.21	1588
G3	680	56.2	1589
G3	690	57.77	1590
G3	700	59.15	1591
G3	710	61.36	1592
G3	720	63.66	1593
G3	730	65.77	1594
G3	740	67.72	1595
G3	750	69.81	1596
G3	760	71.82	1597
G3	770	73.34	1598
G3	780	73.63	1599
G4	380	114	1600
G4	390	33.2	1601
G4	400	19.19	1602
G4	410	-22.67	1603
G4	420	7.61	1604
G4	430	9.04	1605
G4	440	11.13	1606
G4	450	14.3	1607
G4	460	18.43	1608
G4	470	20.46	1609
G4	480	20.61	1610
G4	490	19.81	1611
G4	500	18.02	1612
G4	510	16.02	1613
G4	520	14.09	1614
G4	530	12.37	1615
G4	540	10.63	1616
G4	550	9.29	1617
G4	560	8.26	1618
G4	570	7.36	1619
G4	580	6.49	1620
G4	590	5.83	1621
G4	600	5.62	1622
G4	610	5.64	1623
G4	620	5.64	1624
G4	630	5.74	1625
G4	640	6.3	1626
G4	650	7.26	1627
G4	660	8.27	1628
G4	670	9.03	1629
G4	680	9.23	1630
G4	690	9.48	1631
G4	700	10.85	1632
G4	710	14.8	1633
G4	720	23.34	1634
G4	730	36.69	1635
G4	740	50.92	1636
G4	750	61.34	1637
G4	760	66.87	1638
G4	770	69.47	1639
G4	780	70.83	1640
G5	380	58	1641
G5	390	70.34	1642
G5	400	-19.06	1643
G5	410	57.86	1644
G5	420	5	1645
G5	430	5.33	1646
G5	440	5.84	1647
G5	450	6.37	1648
G5	460	6.68	1649
G5	470	6.76	1650
G5	480	6.74	1651
G5	490	6.84	1652
G5	500	7.03	1653
G5	510	7.45	1654
G5	520	8.31	1655
G5	530	9.77	1656
G5	540	12.65	1657
G5	550	17.4	1658
G5	560	25.95	1659
G5	570	36.84	1660
G5	580	46.46	1661
G5	590	51.95	1662
G5	600	54.1	1663
G5	610	53.82	1664
G5	620	51.4	1665
G5	630	48.63	1666
G5	640	45.97	1667
G5	650	42.38	1668
G5	660	38.05	1669
G5	670	34.4	1670
G5	680	32.09	1671
G5	690	30.87	1672
G5	700	30.05	1673
G5	710	29.6	1674
G5	720	29.7	1675
G5	730	30.77	1676
G5	740	32.37	1677
G5	750	34.57	1678
G5	760	36.93	1679
G5	770	37.99	1680
G5	780	37.37	1681
G6	380	43	1682
G6	390	69.08	1683
G6	400	22.42	1684
G6	410	64.55	1685
G6	420	4.92	1686
G6	430	5.12	1687
G6	440	5.43	1688
G6	450	5.72	1689
G6	460	5.77	1690
G6	470	5.8	1691
G6	480	5.77	1692
G6	490	5.87	1693
G6	500	6	1694
G6	510	6.34	1695
G6	520	6.73	1696
G6	530	7.27	1697
G6	540	8.17	1698
G6	550	9.28	1699
G6	560	11.12	1700
G6	570	14.32	1701
G6	580	20.07	1702
G6	590	27.44	1703
G6	600	34.74	1704
G6	610	40.73	1705
G6	620	45.98	1706
G6	630	52.08	1707
G6	640	58.26	1708
G6	650	62.35	1709
G6	660	64.22	1710
G6	670	65	1711
G6	680	65.4	1712
G6	690	65.83	1713
G6	700	66.32	1714
G6	710	66.94	1715
G6	720	67.59	1716
G6	730	67.9	1717
G6	740	68.05	1718
G6	750	68.81	1719
G6	760	69.83	1720
G6	770	70.82	1721
G6	780	71.67	1722
H1	380	165	1723
H1	390	71.01	1724
H1	400	-31.13	1725
H1	410	4.25	1726
H1	420	7.3	1727
H1	430	8.79	1728
H1	440	12.09	1729
H1	450	18.39	1730
H1	460	26.35	1731
H1	470	31.01	1732
H1	480	32.17	1733
H1	490	33.12	1734
H1	500	34.24	1735
H1	510	35.81	1736
H1	520	38.74	1737
H1	530	43.64	1738
H1	540	49.83	1739
H1	550	54.73	1740
H1	560	57.27	1741
H1	570	57.56	1742
H1	580	56.41	1743
H1	590	54.37	1744
H1	600	51.47	1745
H1	610	47.32	1746
H1	620	42.35	1747
H1	630	37.69	1748
H1	640	33.31	1749
H1	650	29.07	1750
H1	660	25.26	1751
H1	670	22.6	1752
H1	680	21.16	1753
H1	690	20.3	1754
H1	700	19.61	1755
H1	710	19.16	1756
H1	720	19.14	1757
H1	730	19.66	1758
H1	740	20.46	1759
H1	750	21.37	1760
H1	760	22.17	1761
H1	770	22.29	1762
H1	780	22.09	1763
H2	380	177	1764
H2	390	56.49	1765
H2	400	6.13	1766
H2	410	-23.75	1767
H2	420	7.47	1768
H2	430	9.01	1769
H2	440	12.53	1770
H2	450	20.07	1771
H2	460	30.89	1772
H2	470	38.32	1773
H2	480	40.4	1774
H2	490	41.57	1775
H2	500	42.89	1776
H2	510	43.37	1777
H2	520	42.69	1778
H2	530	41.26	1779
H2	540	38.73	1780
H2	550	35.73	1781
H2	560	32.15	1782
H2	570	28.4	1783
H2	580	24.67	1784
H2	590	22.22	1785
H2	600	21.44	1786
H2	610	20.83	1787
H2	620	19.58	1788
H2	630	18.77	1789
H2	640	19.45	1790
H2	650	21.38	1791
H2	660	23.2	1792
H2	670	23.6	1793
H2	680	22.77	1794
H2	690	22.76	1795
H2	700	24.89	1796
H2	710	28.42	1797
H2	720	32.01	1798
H2	730	34.3	1799
H2	740	34.85	1800
H2	750	34.79	1801
H2	760	35.08	1802
H2	770	36.24	1803
H2	780	37.96	1804
H3	380	65	1805
H3	390	41.96	1806
H3	400	-11.82	1807
H3	410	20.38	1808
H3	420	5.22	1809
H3	430	5.31	1810
H3	440	5.55	1811
H3	450	5.93	1812
H3	460	6.31	1813
H3	470	6.25	1814
H3	480	5.95	1815
H3	490	5.78	1816
H3	500	5.68	1817
H3	510	5.74	1818
H3	520	6	1819
H3	530	6.48	1820
H3	540	7.17	1821
H3	550	7.97	1822
H3	560	9.21	1823
H3	570	11.33	1824
H3	580	14.18	1825
H3	590	16.15	1826
H3	600	16.67	1827
H3	610	16.21	1828
H3	620	14.79	1829
H3	630	13.12	1830
H3	640	11.92	1831
H3	650	11.05	1832
H3	660	10.35	1833
H3	670	9.87	1834
H3	680	9.61	1835
H3	690	9.56	1836
H3	700	9.7	1837
H3	710	10.05	1838
H3	720	10.57	1839
H3	730	11.26	1840
H3	740	12.09	1841
H3	750	13.11	1842
H3	760	14.2	1843
H3	770	14.92	1844
H3	780	15.07	1845
H4	380	158	1846
H4	390	51.45	1847
H4	400	-4.23	1848
H4	410	-21.04	1849
H4	420	7.05	1850
H4	430	8.37	1851
H4	440	11.65	1852
H4	450	18.86	1853
H4	460	29.32	1854
H4	470	35.95	1855
H4	480	36.02	1856
H4	490	35.11	1857
H4	500	34.26	1858
H4	510	33.05	1859
H4	520	31.61	1860
H4	530	30.19	1861
H4	540	28.8	1862
H4	550	27.71	1863
H4	560	26.56	1864
H4	570	25.25	1865
H4	580	23.81	1866
H4	590	22.34	1867
H4	600	20.57	1868
H4	610	18.35	1869
H4	620	16.26	1870
H4	630	15.09	1871
H4	640	15.31	1872
H4	650	15.52	1873
H4	660	14.72	1874
H4	670	13.84	1875
H4	680	13.36	1876
H4	690	13.08	1877
H4	700	12.99	1878
H4	710	13.27	1879
H4	720	13.81	1880
H4	730	13.99	1881
H4	740	13.58	1882
H4	750	12.98	1883
H4	760	12.18	1884
H4	770	11.64	1885
H4	780	11.91	1886
H5	380	128	1887
H5	390	64.65	1888
H5	400	13.43	1889
H5	410	16.77	1890
H5	420	7.04	1891
H5	430	8.38	1892
H5	440	11.07	1893
H5	450	15.68	1894
H5	460	20.5	1895
H5	470	22.31	1896
H5	480	21.94	1897
H5	490	21.48	1898
H5	500	21.15	1899
H5	510	21.24	1900
H5	520	22.09	1901
H5	530	24.08	1902
H5	540	26.84	1903
H5	550	29.13	1904
H5	560	30.62	1905
H5	570	31.01	1906
H5	580	29.89	1907
H5	590	28.28	1908
H5	600	28	1909
H5	610	28.76	1910
H5	620	28.68	1911
H5	630	29.3	1912
H5	640	33.77	1913
H5	650	40.87	1914
H5	660	46.91	1915
H5	670	50.66	1916
H5	680	52.88	1917
H5	690	54.5	1918
H5	700	55.96	1919
H5	710	57.65	1920
H5	720	59.53	1921
H5	730	61.55	1922
H5	740	63.52	1923
H5	750	65.62	1924
H5	760	67.66	1925
H5	770	69.41	1926
H5	780	71.07	1927
H6	380	67	1928
H6	390	36.69	1929
H6	400	12.08	1930
H6	410	12.58	1931
H6	420	5.19	1932
H6	430	5.26	1933
H6	440	5.4	1934
H6	450	5.54	1935
H6	460	5.63	1936
H6	470	5.64	1937
H6	480	5.63	1938
H6	490	5.74	1939
H6	500	5.9	1940
H6	510	5.99	1941
H6	520	6.04	1942
H6	530	6.11	1943
H6	540	6.21	1944
H6	550	6.32	1945
H6	560	6.49	1946
H6	570	6.79	1947
H6	580	7.17	1948
H6	590	7.49	1949
H6	600	7.81	1950
H6	610	8.32	1951
H6	620	8.88	1952
H6	630	9.4	1953
H6	640	10.43	1954
H6	650	12.11	1955
H6	660	13.76	1956
H6	670	14.77	1957
H6	680	14.96	1958
H6	690	15.17	1959
H6	700	16	1960
H6	710	17.22	1961
H6	720	18.31	1962
H6	730	19.09	1963
H6	740	19.33	1964
H6	750	19.6	1965
H6	760	20.27	1966
H6	770	21.45	1967
H6	780	22.81	1968
